{
  "Component-preload.js": 1627705857586,
  "controller/EmployeeDetails.controller.js": 1627618004597,
  "model/json/Employees.json": 1627705275872,
  "model/json/Countries.json": 1627705272379,
  "manifest.json": 1627705857679,
  "model/models.js": 1606107180000,
  "model/formatter.js": 1606107180000,
  "controller/OrderDetails.controller.js": 1627703082674,
  "controller/MasterEmployee.controller.js": 1627618028145,
  "controller/Main.controller.js": 1627705359515,
  "model/json/Layout.json": 1627705279239,
  "controller/Base.controller.js": 1627618065617,
  "controller/App.controller.js": 1627594060183,
  "control/Signature.js": 1627703132302,
  "Component.js": 1627500123775,
  "manifest-bundle.zip": 1627705857194,
  "i18n/i18n.properties": 1627703167934,
  "model/models-dbg.js": 1606107180000,
  "model/formatter-dbg.js": 1606107180000,
  "controller/OrderDetails-dbg.controller.js": 1627703082674,
  "controller/MasterEmployee-dbg.controller.js": 1627618028145,
  "controller/Main-dbg.controller.js": 1627705359515,
  "controller/EmployeeDetails-dbg.controller.js": 1627618004597,
  "controller/Base-dbg.controller.js": 1627618065617,
  "controller/App-dbg.controller.js": 1627594060183,
  "control/Signature-dbg.js": 1627703132302,
  "Component-dbg.js": 1627500123775,
  "resources.json": 1627705857683,
  "view/OrderDetails.view.xml": 1627703006169,
  "view/MasterEmployee.view.xml": 1606107180000,
  "view/Main.view.xml": 1627594864616,
  "view/EmployeeDetails.view.xml": 1627534742691,
  "view/App.view.xml": 1627594101835,
  "fragment/TableOrders.fragment.xml": 1627596379777,
  "fragment/TableEmployee.fragment.xml": 1627495584189,
  "fragment/NewIncidence.fragment.xml": 1627531428725,
  "fragment/DialogOrders.fragment.xml": 1627534551610,
  "css/style.css": 1606107180000,
  "index.html": 1627614202545
}